domain,encoding_type,encodePacketStart,encodePacketEnd,dnsResStart,dnsResEnd,encode_duration,dns_resolution_duration,total_duration
paola.org,A,Base16,829631.327696875,829631.327893,829631.327893083,829631.331432666,0.0001961250090971589,0.003539583063684404,0.0037357910769060254
example.com,A,Base16,829676.551565,829676.551732708,829676.551732791,829676.554891583,0.00016770802903920412,0.003158792038448155,0.0033265830716118217
example.com,A,Base32,829688.026381916,829688.02665075,829688.026650875,829688.029114333,0.00026883394457399845,0.0024634579895064235,0.002732416964136064
