domain,record_type,encoding_type,encodePacketStart,encodePacketEnd,dnsResStart,dnsResEnd,encode_duration,dns_resolution_duration,total_duration
example.com,A,Base16,697682.486820708,697682.486836458,697682.486836541,697682.488618041,1.5749945305287838e-05,0.0017815000610426068,0.0017973330104723573
example.com,A,Base16,697682.488806875,697682.488814625,697682.488814708,697682.490031041,7.750000804662704e-06,0.0012163330102339387,0.001224166015163064
